prompt_id,difficulty_bin,cached_mean_reward
01a4b2ed4479c8fa682c3466f7db16f277168d90c8450a729089f4527345ee8d,lower_reward,-1.45556640625
81b5deabb0959afb606520d2b821cd91dfd5c103f414ed5c2c132d18b0cc2f3a,lower_reward,-1.42041015625
651e4c1d0b8bf0212c220f3f0a7d08161ad0952d9e3ea9d0963ab97a45937ea6,lower_reward,-0.85198974609375
23bd8f99e8359f0052e16c65689eae80cb20bf937ea6ca5794d36d29734a560b,lower_reward,-0.1944580078125
527fbcd702b2e3e8125b5516be289806fa79e2685c0e4285276d03acf3dcc043,lower_reward,0.73388671875
faff5c962224bd104f4c6eb8c00bcfd84c37b29d3de55e600ccc3cc3ea4c3f99,lower_reward,0.7420654296875
d995e3ae06848698448f0310c0956505e70240e048f520449e325f00ed1479a0,lower_reward,0.8939208984375
be78486affffe4f57015a153c5529c949aeb7511e1f30ed76da522452f245bed,lower_reward,1.2734375
5294c9606e5e6fb93dc94319d5547c1cba3d6d44da00ee551d2621227e3b6ee8,lower_reward,1.3321533203125
cb3bebe583bd8475019b58042be3a76432b23c81b79b32c441d4b3bf203760df,lower_reward,1.81658935546875
4f38c04a24c73c45df69326d4c7cd11dd422127645725ebba220231150bca382,lower_reward,1.86572265625
c359f7ed5e4a168b1e27bd1c27dc9752980103a2e1b38991e5011a7ea44d214e,lower_reward,2.1845703125
15837ad2725266a35255f91d2e023ea644ede5cb9d7ec9270ab3c6dd6449a74c,higher_reward,2.212890625
b8b9d3c72997de501f1e5179b0e5e2b5dae4c865f92dbe51ac4224e2039ea58d,higher_reward,2.2646484375
d407599fef051a44d505c8439c3c6a6fb7d8fb6658384a4c391e9c2f2146f16d,higher_reward,2.375
ad86afe9508e533cc19d35c42f785e900274a28e57d150e0007c7fb632a70889,higher_reward,2.4169921875
da4fae100599eb9dfb9500f28dd604665eaba000cd4b94940f3471c85c8de99d,higher_reward,2.4296875
bdfcf969f2a84458b2498e0acc198d3094334b81d595fed1724210d7c9f89279,higher_reward,2.4599609375
d618f38c0b2f73bb7985a1f07a7b4ca3b70e62a96407b8f6877da59e9241ba82,higher_reward,2.65625
a2d24c910daf54855e433d30c3e03a33384b87f028e9306be71ecab95700964b,higher_reward,2.6875
ba7ddaf72f0e034da39b43276b9f418894a12a6fffdbcf6359a302ef1b34688e,higher_reward,2.966796875
5df5fb2b07b896cb5c4419afc9d3fd2b653535528abe1819bd2b52c07d52726b,higher_reward,3.00390625
de9a80e769756c36c3bec31ccca84a180e2862f7dd06ef5e5a36fde7caceaa2a,higher_reward,3.072265625
d31b039922e3bb89d63a8f7331c90d77437a449e4b5f757a114b28002ffae60a,higher_reward,3.220703125
