k,prompt_id,difficulty_bin,group_index,n_generations,generation_indices,reward_std,informative,centered_reward_variance,advantage_variance,eligible_completions,effective_informative,masked_advantage_second_moment
2,01a4b2ed4479c8fa682c3466f7db16f277168d90c8450a729089f4527345ee8d,lower_reward,0,2,"[0, 1]",0.6796875,True,0.46197509765625,0.999997057477758,2,True,0.999997057477758
2,01a4b2ed4479c8fa682c3466f7db16f277168d90c8450a729089f4527345ee8d,lower_reward,1,2,"[2, 3]",2.84765625,True,8.109146118164062,0.9999992976684083,0,False,0.0
2,01a4b2ed4479c8fa682c3466f7db16f277168d90c8450a729089f4527345ee8d,lower_reward,2,2,"[4, 5]",0.85546875,True,0.7318267822265625,0.9999976621045559,2,True,0.9999976621045559
2,01a4b2ed4479c8fa682c3466f7db16f277168d90c8450a729089f4527345ee8d,lower_reward,3,2,"[6, 7]",2.076171875,True,4.310489654541016,0.999999036689313,2,True,0.999999036689313
2,15837ad2725266a35255f91d2e023ea644ede5cb9d7ec9270ab3c6dd6449a74c,higher_reward,0,2,"[0, 1]",0.1328125,True,0.01763916015625,0.999984941346545,2,True,0.999984941346545
2,15837ad2725266a35255f91d2e023ea644ede5cb9d7ec9270ab3c6dd6449a74c,higher_reward,1,2,"[2, 3]",0.6171875,True,0.38092041015625,0.9999967595015464,2,True,0.9999967595015464
2,15837ad2725266a35255f91d2e023ea644ede5cb9d7ec9270ab3c6dd6449a74c,higher_reward,2,2,"[4, 5]",0.1015625,True,0.01031494140625,0.9999803079831441,2,True,0.9999803079831441
2,15837ad2725266a35255f91d2e023ea644ede5cb9d7ec9270ab3c6dd6449a74c,higher_reward,3,2,"[6, 7]",0.0625,True,0.00390625,0.9999680007679835,2,True,0.9999680007679835
2,23bd8f99e8359f0052e16c65689eae80cb20bf937ea6ca5794d36d29734a560b,lower_reward,0,2,"[0, 1]",0.0458984375,True,0.0021066665649414062,0.9999564269559241,2,True,0.9999564269559241
2,23bd8f99e8359f0052e16c65689eae80cb20bf937ea6ca5794d36d29734a560b,lower_reward,1,2,"[2, 3]",0.5927734375,True,0.3513803482055664,0.9999966260381916,2,True,0.9999966260381916
2,23bd8f99e8359f0052e16c65689eae80cb20bf937ea6ca5794d36d29734a560b,lower_reward,2,2,"[4, 5]",0.36669921875,True,0.13446831703186035,0.9999945459610585,2,True,0.9999945459610585
2,23bd8f99e8359f0052e16c65689eae80cb20bf937ea6ca5794d36d29734a560b,lower_reward,3,2,"[6, 7]",0.87109375,True,0.7588043212890625,0.999997704039828,2,True,0.999997704039828
2,4f38c04a24c73c45df69326d4c7cd11dd422127645725ebba220231150bca382,lower_reward,0,2,"[0, 1]",0.751953125,True,0.5654335021972656,0.9999973402650459,2,True,0.9999973402650459
2,4f38c04a24c73c45df69326d4c7cd11dd422127645725ebba220231150bca382,lower_reward,1,2,"[2, 3]",0.390625,True,0.152587890625,0.9999948800196609,2,True,0.9999948800196609
2,4f38c04a24c73c45df69326d4c7cd11dd422127645725ebba220231150bca382,lower_reward,2,2,"[4, 5]",0.46484375,True,0.2160797119140625,0.9999956974928754,2,True,0.9999956974928754
2,4f38c04a24c73c45df69326d4c7cd11dd422127645725ebba220231150bca382,lower_reward,3,2,"[6, 7]",0.484375,True,0.234619140625,0.9999958709805287,2,True,0.9999958709805287
2,527fbcd702b2e3e8125b5516be289806fa79e2685c0e4285276d03acf3dcc043,lower_reward,0,2,"[0, 1]",0.6875,True,0.47265625,0.9999970909154379,2,True,0.9999970909154379
2,527fbcd702b2e3e8125b5516be289806fa79e2685c0e4285276d03acf3dcc043,lower_reward,1,2,"[2, 3]",0.314453125,True,0.09888076782226562,0.9999936397818924,2,True,0.9999936397818924
2,527fbcd702b2e3e8125b5516be289806fa79e2685c0e4285276d03acf3dcc043,lower_reward,2,2,"[4, 5]",0.12890625,True,0.0166168212890625,0.999984485029023,2,True,0.999984485029023
2,527fbcd702b2e3e8125b5516be289806fa79e2685c0e4285276d03acf3dcc043,lower_reward,3,2,"[6, 7]",0.77734375,True,0.6042633056640625,0.9999974271406431,2,True,0.9999974271406431
2,5294c9606e5e6fb93dc94319d5547c1cba3d6d44da00ee551d2621227e3b6ee8,lower_reward,0,2,"[0, 1]",1.2646484375,True,1.5993356704711914,0.9999984185346944,0,False,0.0
2,5294c9606e5e6fb93dc94319d5547c1cba3d6d44da00ee551d2621227e3b6ee8,lower_reward,1,2,"[2, 3]",0.08203125,True,0.0067291259765625,0.9999756194934349,0,False,0.0
2,5294c9606e5e6fb93dc94319d5547c1cba3d6d44da00ee551d2621227e3b6ee8,lower_reward,2,2,"[4, 5]",0.93017578125,True,0.8652269840240479,0.9999978498722337,0,False,0.0
2,5294c9606e5e6fb93dc94319d5547c1cba3d6d44da00ee551d2621227e3b6ee8,lower_reward,3,2,"[6, 7]",0.30078125,True,0.0904693603515625,0.9999933506825112,2,True,0.9999933506825112
2,5df5fb2b07b896cb5c4419afc9d3fd2b653535528abe1819bd2b52c07d52726b,higher_reward,0,2,"[0, 1]",0.1875,True,0.03515625,0.999989333418666,2,True,0.999989333418666
2,5df5fb2b07b896cb5c4419afc9d3fd2b653535528abe1819bd2b52c07d52726b,higher_reward,1,2,"[2, 3]",0.0625,True,0.00390625,0.9999680007679835,2,True,0.9999680007679835
2,5df5fb2b07b896cb5c4419afc9d3fd2b653535528abe1819bd2b52c07d52726b,higher_reward,2,2,"[4, 5]",0.1328125,True,0.01763916015625,0.999984941346545,2,True,0.999984941346545
2,5df5fb2b07b896cb5c4419afc9d3fd2b653535528abe1819bd2b52c07d52726b,higher_reward,3,2,"[6, 7]",0.0546875,True,0.00299072265625,0.999963429574506,2,True,0.999963429574506
2,651e4c1d0b8bf0212c220f3f0a7d08161ad0952d9e3ea9d0963ab97a45937ea6,lower_reward,0,2,"[0, 1]",0.2783203125,True,0.07746219635009766,0.9999928140738163,2,True,0.9999928140738163
2,651e4c1d0b8bf0212c220f3f0a7d08161ad0952d9e3ea9d0963ab97a45937ea6,lower_reward,1,2,"[2, 3]",0.09765625,True,0.0095367431640625,0.9999795203145685,2,True,0.9999795203145685
2,651e4c1d0b8bf0212c220f3f0a7d08161ad0952d9e3ea9d0963ab97a45937ea6,lower_reward,2,2,"[4, 5]",0.2109375,True,0.04449462890625,0.9999905185859418,2,True,0.9999905185859418
2,651e4c1d0b8bf0212c220f3f0a7d08161ad0952d9e3ea9d0963ab97a45937ea6,lower_reward,3,2,"[6, 7]",0.677001953125,True,0.4583316445350647,0.9999970458053193,2,True,0.9999970458053193
2,81b5deabb0959afb606520d2b821cd91dfd5c103f414ed5c2c132d18b0cc2f3a,lower_reward,0,2,"[0, 1]",0.21484375,True,0.0461578369140625,0.9999906909740849,2,True,0.9999906909740849
2,81b5deabb0959afb606520d2b821cd91dfd5c103f414ed5c2c132d18b0cc2f3a,lower_reward,1,2,"[2, 3]",0.08984375,True,0.0080718994140625,0.999977739502089,2,True,0.999977739502089
2,81b5deabb0959afb606520d2b821cd91dfd5c103f414ed5c2c132d18b0cc2f3a,lower_reward,2,2,"[4, 5]",0.201171875,True,0.040470123291015625,0.9999900583265555,2,True,0.9999900583265555
2,81b5deabb0959afb606520d2b821cd91dfd5c103f414ed5c2c132d18b0cc2f3a,lower_reward,3,2,"[6, 7]",0.0,False,0.0,0.0,2,False,0.0
2,a2d24c910daf54855e433d30c3e03a33384b87f028e9306be71ecab95700964b,higher_reward,0,2,"[0, 1]",0.1640625,True,0.02691650390625,0.9999878096352645,2,True,0.9999878096352645
2,a2d24c910daf54855e433d30c3e03a33384b87f028e9306be71ecab95700964b,higher_reward,1,2,"[2, 3]",0.1796875,True,0.03228759765625,0.9999888696581317,2,True,0.9999888696581317
2,a2d24c910daf54855e433d30c3e03a33384b87f028e9306be71ecab95700964b,higher_reward,2,2,"[4, 5]",0.1015625,True,0.01031494140625,0.9999803079831441,2,True,0.9999803079831441
2,a2d24c910daf54855e433d30c3e03a33384b87f028e9306be71ecab95700964b,higher_reward,3,2,"[6, 7]",0.0703125,True,0.00494384765625,0.9999715561623589,2,True,0.9999715561623589
2,ad86afe9508e533cc19d35c42f785e900274a28e57d150e0007c7fb632a70889,higher_reward,0,2,"[0, 1]",0.1015625,True,0.01031494140625,0.9999803079831441,2,True,0.9999803079831441
2,ad86afe9508e533cc19d35c42f785e900274a28e57d150e0007c7fb632a70889,higher_reward,1,2,"[2, 3]",0.0078125,True,6.103515625e-05,0.999744049143613,2,True,0.999744049143613
2,ad86afe9508e533cc19d35c42f785e900274a28e57d150e0007c7fb632a70889,higher_reward,2,2,"[4, 5]",0.33984375,True,0.1154937744140625,0.9999941149685041,2,True,0.9999941149685041
2,ad86afe9508e533cc19d35c42f785e900274a28e57d150e0007c7fb632a70889,higher_reward,3,2,"[6, 7]",0.2421875,True,0.05865478515625,0.9999917419866304,2,True,0.9999917419866304
2,b8b9d3c72997de501f1e5179b0e5e2b5dae4c865f92dbe51ac4224e2039ea58d,higher_reward,0,2,"[0, 1]",0.3046875,True,0.09283447265625,0.9999934359297515,2,True,0.9999934359297515
2,b8b9d3c72997de501f1e5179b0e5e2b5dae4c865f92dbe51ac4224e2039ea58d,higher_reward,1,2,"[2, 3]",0.046875,True,0.002197265625,0.9999573346986279,2,True,0.9999573346986279
2,b8b9d3c72997de501f1e5179b0e5e2b5dae4c865f92dbe51ac4224e2039ea58d,higher_reward,2,2,"[4, 5]",0.0,False,0.0,0.0,2,False,0.0
2,b8b9d3c72997de501f1e5179b0e5e2b5dae4c865f92dbe51ac4224e2039ea58d,higher_reward,3,2,"[6, 7]",0.35546875,True,0.1263580322265625,0.9999943736501157,2,True,0.9999943736501157
2,ba7ddaf72f0e034da39b43276b9f418894a12a6fffdbcf6359a302ef1b34688e,higher_reward,0,2,"[0, 1]",0.171875,True,0.029541015625,0.9999883637379164,2,True,0.9999883637379164
2,ba7ddaf72f0e034da39b43276b9f418894a12a6fffdbcf6359a302ef1b34688e,higher_reward,1,2,"[2, 3]",0.1328125,True,0.01763916015625,0.999984941346545,2,True,0.999984941346545
2,ba7ddaf72f0e034da39b43276b9f418894a12a6fffdbcf6359a302ef1b34688e,higher_reward,2,2,"[4, 5]",0.3125,True,0.09765625,0.99999360003072,2,True,0.99999360003072
2,ba7ddaf72f0e034da39b43276b9f418894a12a6fffdbcf6359a302ef1b34688e,higher_reward,3,2,"[6, 7]",0.1875,True,0.03515625,0.999989333418666,2,True,0.999989333418666
2,bdfcf969f2a84458b2498e0acc198d3094334b81d595fed1724210d7c9f89279,higher_reward,0,2,"[0, 1]",0.00390625,True,1.52587890625e-05,0.9994881965409125,1,True,0.49974409827045624
2,bdfcf969f2a84458b2498e0acc198d3094334b81d595fed1724210d7c9f89279,higher_reward,1,2,"[2, 3]",0.140625,True,0.019775390625,0.99998577792948,0,False,0.0
2,bdfcf969f2a84458b2498e0acc198d3094334b81d595fed1724210d7c9f89279,higher_reward,2,2,"[4, 5]",0.234375,True,0.054931640625,0.9999914667212797,2,True,0.9999914667212797
2,bdfcf969f2a84458b2498e0acc198d3094334b81d595fed1724210d7c9f89279,higher_reward,3,2,"[6, 7]",0.421875,True,0.177978515625,0.9999952592761152,1,True,0.4999976296380576
2,be78486affffe4f57015a153c5529c949aeb7511e1f30ed76da522452f245bed,lower_reward,0,2,"[0, 1]",0.0,False,0.0,0.0,2,False,0.0
2,be78486affffe4f57015a153c5529c949aeb7511e1f30ed76da522452f245bed,lower_reward,1,2,"[2, 3]",0.0,False,0.0,0.0,2,False,0.0
2,be78486affffe4f57015a153c5529c949aeb7511e1f30ed76da522452f245bed,lower_reward,2,2,"[4, 5]",0.0,False,0.0,0.0,2,False,0.0
2,be78486affffe4f57015a153c5529c949aeb7511e1f30ed76da522452f245bed,lower_reward,3,2,"[6, 7]",0.0,False,0.0,0.0,2,False,0.0
2,c359f7ed5e4a168b1e27bd1c27dc9752980103a2e1b38991e5011a7ea44d214e,lower_reward,0,2,"[0, 1]",0.1796875,True,0.03228759765625,0.9999888696581317,0,False,0.0
2,c359f7ed5e4a168b1e27bd1c27dc9752980103a2e1b38991e5011a7ea44d214e,lower_reward,1,2,"[2, 3]",0.125,True,0.015625,0.999984000191998,1,True,0.499992000095999
2,c359f7ed5e4a168b1e27bd1c27dc9752980103a2e1b38991e5011a7ea44d214e,lower_reward,2,2,"[4, 5]",0.109375,True,0.011962890625,0.9999817145364868,0,False,0.0
2,c359f7ed5e4a168b1e27bd1c27dc9752980103a2e1b38991e5011a7ea44d214e,lower_reward,3,2,"[6, 7]",0.70703125,True,0.4998931884765625,0.9999971712767195,0,False,0.0
2,cb3bebe583bd8475019b58042be3a76432b23c81b79b32c441d4b3bf203760df,lower_reward,0,2,"[0, 1]",0.34765625,True,0.1208648681640625,0.9999942472158323,2,True,0.9999942472158323
2,cb3bebe583bd8475019b58042be3a76432b23c81b79b32c441d4b3bf203760df,lower_reward,1,2,"[2, 3]",1.103515625,True,1.2177467346191406,0.9999981876130831,1,True,0.49999909380654156
2,cb3bebe583bd8475019b58042be3a76432b23c81b79b32c441d4b3bf203760df,lower_reward,2,2,"[4, 5]",0.984375,True,0.968994140625,0.9999979682570642,1,True,0.4999989841285321
2,cb3bebe583bd8475019b58042be3a76432b23c81b79b32c441d4b3bf203760df,lower_reward,3,2,"[6, 7]",1.344970703125,True,1.8089461922645569,0.9999985129804206,1,True,0.4999992564902103
2,d31b039922e3bb89d63a8f7331c90d77437a449e4b5f757a114b28002ffae60a,higher_reward,0,2,"[0, 1]",0.8203125,True,0.67291259765625,0.99999756190922,2,True,0.99999756190922
2,d31b039922e3bb89d63a8f7331c90d77437a449e4b5f757a114b28002ffae60a,higher_reward,1,2,"[2, 3]",0.4375,True,0.19140625,0.9999954285871022,2,True,0.9999954285871022
2,d31b039922e3bb89d63a8f7331c90d77437a449e4b5f757a114b28002ffae60a,higher_reward,2,2,"[4, 5]",0.828125,True,0.685791015625,0.9999975849100349,2,True,0.9999975849100349
2,d31b039922e3bb89d63a8f7331c90d77437a449e4b5f757a114b28002ffae60a,higher_reward,3,2,"[6, 7]",0.03125,True,0.0009765625,0.9999360030718689,2,True,0.9999360030718689
2,d407599fef051a44d505c8439c3c6a6fb7d8fb6658384a4c391e9c2f2146f16d,higher_reward,0,2,"[0, 1]",0.42578125,True,0.1812896728515625,0.9999953027688417,2,True,0.9999953027688417
2,d407599fef051a44d505c8439c3c6a6fb7d8fb6658384a4c391e9c2f2146f16d,higher_reward,1,2,"[2, 3]",0.09375,True,0.0087890625,0.9999786670079952,2,True,0.9999786670079952
2,d407599fef051a44d505c8439c3c6a6fb7d8fb6658384a4c391e9c2f2146f16d,higher_reward,2,2,"[4, 5]",0.41796875,True,0.1746978759765625,0.9999952149704436,2,True,0.9999952149704436
2,d407599fef051a44d505c8439c3c6a6fb7d8fb6658384a4c391e9c2f2146f16d,higher_reward,3,2,"[6, 7]",0.375,True,0.140625,0.9999946666880001,2,True,0.9999946666880001
2,d618f38c0b2f73bb7985a1f07a7b4ca3b70e62a96407b8f6877da59e9241ba82,higher_reward,0,2,"[0, 1]",0.4296875,True,0.18463134765625,0.9999953454707943,2,True,0.9999953454707943
2,d618f38c0b2f73bb7985a1f07a7b4ca3b70e62a96407b8f6877da59e9241ba82,higher_reward,1,2,"[2, 3]",0.078125,True,0.006103515625,0.9999744004915117,2,True,0.9999744004915117
2,d618f38c0b2f73bb7985a1f07a7b4ca3b70e62a96407b8f6877da59e9241ba82,higher_reward,2,2,"[4, 5]",0.203125,True,0.041259765625,0.9999901539188635,2,True,0.9999901539188635
2,d618f38c0b2f73bb7985a1f07a7b4ca3b70e62a96407b8f6877da59e9241ba82,higher_reward,3,2,"[6, 7]",0.0546875,True,0.00299072265625,0.999963429574506,2,True,0.999963429574506
2,d995e3ae06848698448f0310c0956505e70240e048f520449e325f00ed1479a0,lower_reward,0,2,"[0, 1]",0.2646484375,True,0.0700387954711914,0.9999924428472615,2,True,0.9999924428472615
2,d995e3ae06848698448f0310c0956505e70240e048f520449e325f00ed1479a0,lower_reward,1,2,"[2, 3]",0.43359375,True,0.1880035400390625,0.9999953874033447,2,True,0.9999953874033447
2,d995e3ae06848698448f0310c0956505e70240e048f520449e325f00ed1479a0,lower_reward,2,2,"[4, 5]",0.72705078125,True,0.5286028385162354,0.9999972491661857,2,True,0.9999972491661857
2,d995e3ae06848698448f0310c0956505e70240e048f520449e325f00ed1479a0,lower_reward,3,2,"[6, 7]",0.10546875,True,0.0111236572265625,0.999981037306729,2,True,0.999981037306729
2,da4fae100599eb9dfb9500f28dd604665eaba000cd4b94940f3471c85c8de99d,higher_reward,0,2,"[0, 1]",0.48828125,True,0.2384185791015625,0.9999959040125831,2,True,0.9999959040125831
2,da4fae100599eb9dfb9500f28dd604665eaba000cd4b94940f3471c85c8de99d,higher_reward,1,2,"[2, 3]",0.5703125,True,0.32525634765625,0.9999964931599085,2,True,0.9999964931599085
2,da4fae100599eb9dfb9500f28dd604665eaba000cd4b94940f3471c85c8de99d,higher_reward,2,2,"[4, 5]",0.140625,True,0.019775390625,0.99998577792948,2,True,0.99998577792948
2,da4fae100599eb9dfb9500f28dd604665eaba000cd4b94940f3471c85c8de99d,higher_reward,3,2,"[6, 7]",0.33203125,True,0.1102447509765625,0.9999939764978004,2,True,0.9999939764978004
2,de9a80e769756c36c3bec31ccca84a180e2862f7dd06ef5e5a36fde7caceaa2a,higher_reward,0,2,"[0, 1]",0.5859375,True,0.34332275390625,0.9999965866754047,2,True,0.9999965866754047
2,de9a80e769756c36c3bec31ccca84a180e2862f7dd06ef5e5a36fde7caceaa2a,higher_reward,1,2,"[2, 3]",0.0859375,True,0.00738525390625,0.9999767276789359,2,True,0.9999767276789359
2,de9a80e769756c36c3bec31ccca84a180e2862f7dd06ef5e5a36fde7caceaa2a,higher_reward,2,2,"[4, 5]",0.234375,True,0.054931640625,0.9999914667212797,2,True,0.9999914667212797
2,de9a80e769756c36c3bec31ccca84a180e2862f7dd06ef5e5a36fde7caceaa2a,higher_reward,3,2,"[6, 7]",0.0546875,True,0.00299072265625,0.999963429574506,2,True,0.999963429574506
2,faff5c962224bd104f4c6eb8c00bcfd84c37b29d3de55e600ccc3cc3ea4c3f99,lower_reward,0,2,"[0, 1]",0.28515625,True,0.0813140869140625,0.999992986338264,0,False,0.0
2,faff5c962224bd104f4c6eb8c00bcfd84c37b29d3de55e600ccc3cc3ea4c3f99,lower_reward,1,2,"[2, 3]",0.24658203125,True,0.06080269813537598,0.9999918891582505,0,False,0.0
2,faff5c962224bd104f4c6eb8c00bcfd84c37b29d3de55e600ccc3cc3ea4c3f99,lower_reward,2,2,"[4, 5]",0.9111328125,True,0.8301630020141602,0.999997804933946,1,True,0.499998902466973
2,faff5c962224bd104f4c6eb8c00bcfd84c37b29d3de55e600ccc3cc3ea4c3f99,lower_reward,3,2,"[6, 7]",0.8017578125,True,0.6428155899047852,0.9999975054857875,0,False,0.0
4,01a4b2ed4479c8fa682c3466f7db16f277168d90c8450a729089f4527345ee8d,lower_reward,0,4,"[0, 1, 2, 3]",2.2406991943673904,True,5.020732879638672,0.9999991074220642,2,True,0.11922027416479417
4,01a4b2ed4479c8fa682c3466f7db16f277168d90c8450a729089f4527345ee8d,lower_reward,1,4,"[4, 5, 6, 7]",1.59616892633394,True,2.547755241394043,0.9999987470009675,4,True,0.9999987470009675
4,15837ad2725266a35255f91d2e023ea644ede5cb9d7ec9270ab3c6dd6449a74c,higher_reward,0,4,"[0, 1, 2, 3]",0.5006099794875248,True,0.2506103515625,0.9999960048858604,4,True,0.9999960048858604
4,15837ad2725266a35255f91d2e023ea644ede5cb9d7ec9270ab3c6dd6449a74c,higher_reward,1,4,"[4, 5, 6, 7]",0.08655671799281382,True,0.0074920654296875,0.9999768941638782,4,True,0.9999768941638782
4,23bd8f99e8359f0052e16c65689eae80cb20bf937ea6ca5794d36d29734a560b,lower_reward,0,4,"[0, 1, 2, 3]",0.505268945368029,True,0.2552967071533203,0.9999960417237573,4,True,0.9999960417237572
4,23bd8f99e8359f0052e16c65689eae80cb20bf937ea6ca5794d36d29734a560b,lower_reward,1,4,"[4, 5, 6, 7]",0.6702536159163152,True,0.44923990964889526,0.9999970160615672,4,True,0.9999970160615672
4,4f38c04a24c73c45df69326d4c7cd11dd422127645725ebba220231150bca382,lower_reward,0,4,"[0, 1, 2, 3]",0.7094516527882946,True,0.503321647644043,0.9999971809273211,4,True,0.9999971809273211
4,4f38c04a24c73c45df69326d4c7cd11dd422127645725ebba220231150bca382,lower_reward,1,4,"[4, 5, 6, 7]",0.5042051862813858,True,0.2542228698730469,0.9999960333727127,4,True,0.9999960333727127
4,527fbcd702b2e3e8125b5516be289806fa79e2685c0e4285276d03acf3dcc043,lower_reward,0,4,"[0, 1, 2, 3]",0.6167631984453539,True,0.38039684295654297,0.9999967572722545,4,True,0.9999967572722545
4,527fbcd702b2e3e8125b5516be289806fa79e2685c0e4285276d03acf3dcc043,lower_reward,1,4,"[4, 5, 6, 7]",0.5701787086218013,True,0.325103759765625,0.999996492337037,4,True,0.999996492337037
4,5294c9606e5e6fb93dc94319d5547c1cba3d6d44da00ee551d2621227e3b6ee8,lower_reward,0,4,"[0, 1, 2, 3]",0.9237221784105724,True,0.8532626628875732,0.9999978348503488,0,False,0.0
4,5294c9606e5e6fb93dc94319d5547c1cba3d6d44da00ee551d2621227e3b6ee8,lower_reward,1,4,"[4, 5, 6, 7]",0.8779580320677265,True,0.7708103060722351,0.9999977219906762,2,True,0.2487191840553446
4,5df5fb2b07b896cb5c4419afc9d3fd2b653535528abe1819bd2b52c07d52726b,higher_reward,0,4,"[0, 1, 2, 3]",0.2155174097520894,True,0.04644775390625,0.9999907200718383,4,True,0.9999907200718383
4,5df5fb2b07b896cb5c4419afc9d3fd2b653535528abe1819bd2b52c07d52726b,higher_reward,1,4,"[4, 5, 6, 7]",0.10881553341550093,True,0.0118408203125,0.9999816205244972,4,True,0.9999816205244972
4,651e4c1d0b8bf0212c220f3f0a7d08161ad0952d9e3ea9d0963ab97a45937ea6,lower_reward,0,4,"[0, 1, 2, 3]",0.2187341956832677,True,0.047844648361206055,0.9999908565449561,4,True,0.9999908565449561
4,651e4c1d0b8bf0212c220f3f0a7d08161ad0952d9e3ea9d0963ab97a45937ea6,lower_reward,1,4,"[4, 5, 6, 7]",0.5704810925383759,True,0.325448676943779,0.9999964941962715,4,True,0.9999964941962715
4,81b5deabb0959afb606520d2b821cd91dfd5c103f414ed5c2c132d18b0cc2f3a,lower_reward,0,4,"[0, 1, 2, 3]",0.18574208481201157,True,0.0345001220703125,0.9999892324679638,4,True,0.9999892324679638
4,81b5deabb0959afb606520d2b821cd91dfd5c103f414ed5c2c132d18b0cc2f3a,lower_reward,1,4,"[4, 5, 6, 7]",0.1500827561020893,True,0.02252483367919922,0.9999866741518932,4,True,0.9999866741518932
4,a2d24c910daf54855e433d30c3e03a33384b87f028e9306be71ecab95700964b,higher_reward,0,4,"[0, 1, 2, 3]",0.23241366844755496,True,0.05401611328125,0.9999913947096768,4,True,0.9999913947096768
4,a2d24c910daf54855e433d30c3e03a33384b87f028e9306be71ecab95700964b,higher_reward,1,4,"[4, 5, 6, 7]",0.13997244427475716,True,0.01959228515625,0.9999857116264721,4,True,0.9999857116264721
4,ad86afe9508e533cc19d35c42f785e900274a28e57d150e0007c7fb632a70889,higher_reward,0,4,"[0, 1, 2, 3]",0.10065702130254005,True,0.0101318359375,0.9999801308426343,4,True,0.9999801308426343
4,ad86afe9508e533cc19d35c42f785e900274a28e57d150e0007c7fb632a70889,higher_reward,1,4,"[4, 5, 6, 7]",0.3506661750973736,True,0.12296676635742188,0.9999942965943485,4,True,0.9999942965943485
4,b8b9d3c72997de501f1e5179b0e5e2b5dae4c865f92dbe51ac4224e2039ea58d,higher_reward,0,4,"[0, 1, 2, 3]",0.28002663621910595,True,0.0784149169921875,0.9999928578605458,4,True,0.9999928578605458
4,b8b9d3c72997de501f1e5179b0e5e2b5dae4c865f92dbe51ac4224e2039ea58d,higher_reward,1,4,"[4, 5, 6, 7]",0.2870695125388568,True,0.08240890502929688,0.9999930330827127,4,True,0.9999930330827127
4,ba7ddaf72f0e034da39b43276b9f418894a12a6fffdbcf6359a302ef1b34688e,higher_reward,0,4,"[0, 1, 2, 3]",0.15600566834153015,True,0.0243377685546875,0.9999871800762666,4,True,0.9999871800762666
4,ba7ddaf72f0e034da39b43276b9f418894a12a6fffdbcf6359a302ef1b34688e,higher_reward,1,4,"[4, 5, 6, 7]",0.39311705079403514,True,0.154541015625,0.999994912476158,4,True,0.999994912476158
4,bdfcf969f2a84458b2498e0acc198d3094334b81d595fed1724210d7c9f89279,higher_reward,0,4,"[0, 1, 2, 3]",0.9291682997434032,True,0.8633537292480469,0.9999978475408902,1,True,0.24504858376779937
4,bdfcf969f2a84458b2498e0acc198d3094334b81d595fed1724210d7c9f89279,higher_reward,1,4,"[4, 5, 6, 7]",0.4523160883165665,True,0.20458984375,0.9999955783280341,3,True,0.36873345310663785
4,be78486affffe4f57015a153c5529c949aeb7511e1f30ed76da522452f245bed,lower_reward,0,4,"[0, 1, 2, 3]",0.0,False,0.0,0.0,4,False,0.0
4,be78486affffe4f57015a153c5529c949aeb7511e1f30ed76da522452f245bed,lower_reward,1,4,"[4, 5, 6, 7]",0.0,False,0.0,0.0,4,False,0.0
4,c359f7ed5e4a168b1e27bd1c27dc9752980103a2e1b38991e5011a7ea44d214e,lower_reward,0,4,"[0, 1, 2, 3]",0.6476722706100575,True,0.4194793701171875,0.9999969120256356,1,True,0.15133087749644067
4,c359f7ed5e4a168b1e27bd1c27dc9752980103a2e1b38991e5011a7ea44d214e,lower_reward,1,4,"[4, 5, 6, 7]",0.7406928824046589,True,0.5486259460449219,0.9999972998310134,0,False,0.0
4,cb3bebe583bd8475019b58042be3a76432b23c81b79b32c441d4b3bf203760df,lower_reward,0,4,"[0, 1, 2, 3]",0.8540422922780299,True,0.7293882369995117,0.9999976581997103,3,True,0.3765963914261934
4,cb3bebe583bd8475019b58042be3a76432b23c81b79b32c441d4b3bf203760df,lower_reward,1,4,"[4, 5, 6, 7]",1.2346033476622236,True,1.5242454260587692,0.9999983800484797,2,True,0.45649369288564656
4,d31b039922e3bb89d63a8f7331c90d77437a449e4b5f757a114b28002ffae60a,higher_reward,0,4,"[0, 1, 2, 3]",0.6624866412273439,True,0.4388885498046875,0.9999969810780367,4,True,0.9999969810780367
4,d31b039922e3bb89d63a8f7331c90d77437a449e4b5f757a114b28002ffae60a,higher_reward,1,4,"[4, 5, 6, 7]",0.6915276199970252,True,0.47821044921875,0.9999971078585959,4,True,0.9999971078585959
4,d407599fef051a44d505c8439c3c6a6fb7d8fb6658384a4c391e9c2f2146f16d,higher_reward,0,4,"[0, 1, 2, 3]",0.3085875691627854,True,0.09522628784179688,0.9999935188890348,4,True,0.9999935188890348
4,d407599fef051a44d505c8439c3c6a6fb7d8fb6658384a4c391e9c2f2146f16d,higher_reward,1,4,"[4, 5, 6, 7]",0.42058450625801336,True,0.17689132690429688,0.9999952447300429,4,True,0.9999952447300429
4,d618f38c0b2f73bb7985a1f07a7b4ca3b70e62a96407b8f6877da59e9241ba82,higher_reward,0,4,"[0, 1, 2, 3]",0.3807141149270506,True,0.1449432373046875,0.9999947467350393,4,True,0.9999947467350393
4,d618f38c0b2f73bb7985a1f07a7b4ca3b70e62a96407b8f6877da59e9241ba82,higher_reward,1,4,"[4, 5, 6, 7]",0.4436475178756075,True,0.1968231201171875,0.9999954919318664,4,True,0.9999954919318664
4,d995e3ae06848698448f0310c0956505e70240e048f520449e325f00ed1479a0,lower_reward,0,4,"[0, 1, 2, 3]",0.67689572204825,True,0.4581878185272217,0.999997045341693,4,True,0.999997045341693
4,d995e3ae06848698448f0310c0956505e70240e048f520449e325f00ed1479a0,lower_reward,1,4,"[4, 5, 6, 7]",1.3588351131266756,True,1.846432864665985,0.9999985281527001,4,True,0.9999985281527001
4,da4fae100599eb9dfb9500f28dd604665eaba000cd4b94940f3471c85c8de99d,higher_reward,0,4,"[0, 1, 2, 3]",0.5311745982795317,True,0.2821464538574219,0.9999962347703395,4,True,0.9999962347703395
4,da4fae100599eb9dfb9500f28dd604665eaba000cd4b94940f3471c85c8de99d,higher_reward,1,4,"[4, 5, 6, 7]",0.28839529206008524,True,0.08317184448242188,0.9999930651101019,4,True,0.9999930651101019
4,de9a80e769756c36c3bec31ccca84a180e2862f7dd06ef5e5a36fde7caceaa2a,higher_reward,0,4,"[0, 1, 2, 3]",0.4370114459670936,True,0.19097900390625,0.9999954234765392,4,True,0.9999954234765392
4,de9a80e769756c36c3bec31ccca84a180e2862f7dd06ef5e5a36fde7caceaa2a,higher_reward,1,4,"[4, 5, 6, 7]",0.495016053835315,True,0.2450408935546875,0.9999959597392367,4,True,0.9999959597392367
4,faff5c962224bd104f4c6eb8c00bcfd84c37b29d3de55e600ccc3cc3ea4c3f99,lower_reward,0,4,"[0, 1, 2, 3]",0.3646224500470845,True,0.13294953107833862,0.9999945148967869,0,False,0.0
4,faff5c962224bd104f4c6eb8c00bcfd84c37b29d3de55e600ccc3cc3ea4c3f99,lower_reward,1,4,"[4, 5, 6, 7]",0.859078095906142,True,0.7380151748657227,0.999997671927014,1,True,0.3058436535913208
8,01a4b2ed4479c8fa682c3466f7db16f277168d90c8450a729089f4527345ee8d,lower_reward,0,8,"[0, 1, 2, 3, 4, 5, 6, 7]",1.9795737868410508,True,3.9187123775482178,0.9999989896822752,6,True,0.46730191964125023
8,15837ad2725266a35255f91d2e023ea644ede5cb9d7ec9270ab3c6dd6449a74c,higher_reward,0,8,"[0, 1, 2, 3, 4, 5, 6, 7]",0.3636748120182155,True,0.13225936889648438,0.9999945006041528,8,True,0.9999945006041528
8,23bd8f99e8359f0052e16c65689eae80cb20bf937ea6ca5794d36d29734a560b,lower_reward,0,8,"[0, 1, 2, 3, 4, 5, 6, 7]",0.6329310623998741,True,0.40060172975063324,0.9999968401056939,8,True,0.9999968401056938
8,4f38c04a24c73c45df69326d4c7cd11dd422127645725ebba220231150bca382,lower_reward,0,8,"[0, 1, 2, 3, 4, 5, 6, 7]",0.7184153897474302,True,0.5161206722259521,0.9999972161010848,8,True,0.9999972161010848
8,527fbcd702b2e3e8125b5516be289806fa79e2685c0e4285276d03acf3dcc043,lower_reward,0,8,"[0, 1, 2, 3, 4, 5, 6, 7]",0.7473388189352107,True,0.5585153102874756,0.9999973238430344,8,True,0.9999973238430344
8,5294c9606e5e6fb93dc94319d5547c1cba3d6d44da00ee551d2621227e3b6ee8,lower_reward,0,8,"[0, 1, 2, 3, 4, 5, 6, 7]",0.9530207389339215,True,0.9082485288381577,0.9999979014130853,2,True,0.22444805263571427
8,5df5fb2b07b896cb5c4419afc9d3fd2b653535528abe1819bd2b52c07d52726b,higher_reward,0,8,"[0, 1, 2, 3, 4, 5, 6, 7]",0.1781095799246562,True,0.0317230224609375,0.9999887710523074,8,True,0.9999887710523074
8,651e4c1d0b8bf0212c220f3f0a7d08161ad0952d9e3ea9d0963ab97a45937ea6,lower_reward,0,8,"[0, 1, 2, 3, 4, 5, 6, 7]",0.47132480689723505,True,0.22214707359671593,0.9999957566552712,8,True,0.9999957566552712
8,81b5deabb0959afb606520d2b821cd91dfd5c103f414ed5c2c132d18b0cc2f3a,lower_reward,0,8,"[0, 1, 2, 3, 4, 5, 6, 7]",0.35993681406126987,True,0.12955451011657715,0.9999944434923378,8,True,0.9999944434923378
8,a2d24c910daf54855e433d30c3e03a33384b87f028e9306be71ecab95700964b,higher_reward,0,8,"[0, 1, 2, 3, 4, 5, 6, 7]",0.19200321449132043,True,0.036865234375,0.9999895835891046,8,True,0.9999895835891046
8,ad86afe9508e533cc19d35c42f785e900274a28e57d150e0007c7fb632a70889,higher_reward,0,8,"[0, 1, 2, 3, 4, 5, 6, 7]",0.2587853773322521,True,0.0669698715209961,0.9999922716328565,8,True,0.9999922716328565
8,b8b9d3c72997de501f1e5179b0e5e2b5dae4c865f92dbe51ac4224e2039ea58d,higher_reward,0,8,"[0, 1, 2, 3, 4, 5, 6, 7]",0.28358507379548353,True,0.08042049407958984,0.9999929474799418,8,True,0.9999929474799418
8,ba7ddaf72f0e034da39b43276b9f418894a12a6fffdbcf6359a302ef1b34688e,higher_reward,0,8,"[0, 1, 2, 3, 4, 5, 6, 7]",0.3191133709292974,True,0.10183334350585938,0.9999937326643724,8,True,0.9999937326643724
8,bdfcf969f2a84458b2498e0acc198d3094334b81d595fed1724210d7c9f89279,higher_reward,0,8,"[0, 1, 2, 3, 4, 5, 6, 7]",1.2204730251883498,True,1.4895544052124023,0.9999983612931214,4,True,0.6859486515568047
8,be78486affffe4f57015a153c5529c949aeb7511e1f30ed76da522452f245bed,lower_reward,0,8,"[0, 1, 2, 3, 4, 5, 6, 7]",0.0,False,0.0,0.0,8,False,0.0
8,c359f7ed5e4a168b1e27bd1c27dc9752980103a2e1b38991e5011a7ea44d214e,lower_reward,0,8,"[0, 1, 2, 3, 4, 5, 6, 7]",0.7471864697278944,True,0.5582876205444336,0.9999973232973747,1,True,0.011993546723111068
8,cb3bebe583bd8475019b58042be3a76432b23c81b79b32c441d4b3bf203760df,lower_reward,0,8,"[0, 1, 2, 3, 4, 5, 6, 7]",1.0774114690525276,True,1.1608154736459255,0.9999981437015728,5,True,0.39738284311985195
8,d31b039922e3bb89d63a8f7331c90d77437a449e4b5f757a114b28002ffae60a,higher_reward,0,8,"[0, 1, 2, 3, 4, 5, 6, 7]",0.7185137816655707,True,0.5162620544433594,0.9999972164823058,8,True,0.9999972164823058
8,d407599fef051a44d505c8439c3c6a6fb7d8fb6658384a4c391e9c2f2146f16d,higher_reward,0,8,"[0, 1, 2, 3, 4, 5, 6, 7]",0.3900972998116143,True,0.1521759033203125,0.9999948730936858,8,True,0.9999948730936858
8,d618f38c0b2f73bb7985a1f07a7b4ca3b70e62a96407b8f6877da59e9241ba82,higher_reward,0,8,"[0, 1, 2, 3, 4, 5, 6, 7]",0.4307515235028194,True,0.185546875,0.9999953569681679,8,True,0.9999953569681679
8,d995e3ae06848698448f0310c0956505e70240e048f520449e325f00ed1479a0,lower_reward,0,8,"[0, 1, 2, 3, 4, 5, 6, 7]",1.0813008883524027,True,1.1692116111516953,0.9999981503786348,8,True,0.9999981503786348
8,da4fae100599eb9dfb9500f28dd604665eaba000cd4b94940f3471c85c8de99d,higher_reward,0,8,"[0, 1, 2, 3, 4, 5, 6, 7]",0.4283893743484863,True,0.1835174560546875,0.9999953313664698,8,True,0.9999953313664698
8,de9a80e769756c36c3bec31ccca84a180e2862f7dd06ef5e5a36fde7caceaa2a,higher_reward,0,8,"[0, 1, 2, 3, 4, 5, 6, 7]",0.4708246731031992,True,0.22167587280273438,0.99999575214779,8,True,0.99999575214779
8,faff5c962224bd104f4c6eb8c00bcfd84c37b29d3de55e600ccc3cc3ea4c3f99,lower_reward,0,8,"[0, 1, 2, 3, 4, 5, 6, 7]",0.8345445721364121,True,0.6964646428823471,0.9999976034876121,1,True,0.03464126194887201
