k,difficulty_bin,n_groups,n_prompts,total_generations,informative_group_rate,group_reward_std_mean,group_reward_std_std,group_relative_signal_variance_mean,centered_reward_variance_mean,effective_informative_group_rate,eligible_completion_fraction,masked_advantage_second_moment_mean
2,all,96,24,192,0.9375,0.3845672607421875,0.4346756272629393,0.9374814173564773,0.3368348789711793,0.8229166666666666,0.8489583333333334,0.7864435312643038
2,lower_reward,48,12,96,0.8958333333333334,0.5283304850260416,0.5431086612864469,0.8958263622728104,0.574100119372209,0.6875,0.7395833333333334,0.6354115797934216
2,higher_reward,48,12,96,0.9791666666666666,0.24080403645833334,0.20391923547209423,0.9791364724401442,0.09956963857014973,0.9583333333333334,0.9583333333333334,0.937475482735186
4,all,48,24,192,0.9583333333333334,0.5410043647319412,0.4183782212043203,0.9583276282884473,0.4677260586371024,0.8958333333333334,0.8489583333333334,0.776494619609979
4,lower_reward,24,12,96,0.9166666666666666,0.711506330909153,0.5015806375131696,0.9166630916976177,0.757824394851923,0.7916666666666666,0.7395833333333334,0.6107558822154515
4,higher_reward,24,12,96,1.0,0.37050239855472933,0.20088726960032682,0.9999921648792768,0.1776277224222819,1.0,0.9583333333333334,0.9422333570045066
8,all,24,24,192,0.9583333333333334,0.6190544134665205,0.4203174716946816,0.9583290996055105,0.5598951438441873,0.9583333333333334,0.8489583333333334,0.7842344309701174
8,lower_reward,12,12,96,0.9166666666666666,0.8002487347571022,0.4613298802397272,0.916664141013165,0.8532232958823442,0.9166666666666666,0.7395833333333334,0.5946456128870713
8,higher_reward,12,12,96,1.0,0.43786009217593874,0.27357911376000305,0.9999940581978564,0.2665669918060303,1.0,0.9583333333333334,0.9738232490531633
